{
    "loss": 3.054227113723755,
    "accuracy": 0.7820512652397156
}