{
    "loss": 3.354968309402466,
    "accuracy": 0.7564102411270142
}